seq,round_num,energy,natural_energy,dist_WT,dist_common,dist_msa15,dist_prev
VRPLNCIVAVSQNMGIAKDGDLPWPPLRNEFKYFQRMTTTGSVEGKQNLVIMGRKTWFSIPEKNRPLKDRINIVLSRELIEPPRGAHFLAKSLDGALRLIEQNELASKVDMVWIVGGSSVYQEAMNQPGHLRLFVTRIMQELECNTFFPEIDLGKYKLLPEYPGVPSEVQEEKGIKYKFAVYEKKV,1,0.7816149808502253,-479.70996399332944,12,2,2,2
VRPLNCIVAVSQNMGIAKDGDLPWPPLRNEFKYFQRMTTTGSVEGKQNLVIMGHKTWFSIPEKNRPLKDRINIVLSRELIEPPRGAHFLAKSLDGALRLIEQNELASKVDMVWIVGGSSVYQEAMNQPGHLMLFVTRIMQELECNTFFPEIDLGKYKLLPEYPGVPSEVQEEKGIKYKFAVYEKKV,2,0.7789944957820474,-470.46249196459814,14,4,4,2
VRPLNCIVAVSQNMGIAKDGDLPWPPLRNEFKYFQRMTTTGSVEGKQNLVIIGHKTWFSIPEKNRPLKDRINIVLSRELIEPPRCAHFLAKSLDGALRLIEQNELASKVDMVWIVGGSSVYQEAMNQPGHLMLFVTRIMQELECNTFFPEIDLGKYKLLPEYPGVPSEVQEEKGIKYKFAVYEKKV,3,0.7769148755783437,-460.42744842822947,16,6,6,2
VRPLNCIVAVSQNMGIAKDGDLPWPPLRNEFKYFQRMTTTGSVEGKQNLVIIGHKTWFSIPEKNRPLKDRINIVLSRELIEPPICAHFLAKSLDGALRLIEQNELASKVDMVWIVGGSSVYQEAMNQHGHLMLFVTRIMQELECNTFFPEIDLGKYKLLPEYPGVPSEVQEEKGIKYKFAVYEKKV,4,0.7750639096659331,-456.27570150958434,18,8,8,2
VRPLNCIVAVSQNMGIAKDGDLPWPPLRNEFKYFQRMTTTGSVEGKQNLVIIGHKTWCSIPEKNRPLKDRINIVLSRELIEPPICAHFLAKSLDGALRLIEQNELASKVDMVWIVGGSSCYQEAMNQHGHLMLFVTRIMQELECNTFFPEIDLGKYKLLPEYPGVPSEVQEEKGIKYKFAVYEKKV,5,0.7734163874121069,-446.1139896457331,20,10,10,2
VRPLNCIVAVSQNMGIAKDGDLPWPPLRNEFKYFQRMTTIGSVEGKQNLVIIGHKTWCSIPEKNRPLKDRINIVLSRELIEPPICAHFLAKSLDGALQLIEQNELASKVDMVWIVGGSSCYQEAMNQHGHLMLFVTRIMQECECNTFFPEIDLGKYKLLHEYPGVPSEVQEEKGIKYKFAVYEKKV,7,0.77047872811255,-441.2430859087016,23,14,14,2
VRPLNCIVAVSQNMGIAKDGDLPWPPLRNEFKYFQRMTTIGSVEGKQNLVIIGHKTWCSIPEKNRPLKDRINIVLSRELIEPPICAHFLAKSLDGALQLIEQNELSSKVDMVWIVGGSSCYREAMNQHGHLMLFVTRIMQECECNTFFPEIDLSKYKLLHEYPGVPSGVQEEKGIKYKFAVYEKKV,9,0.7681392915444145,-442.5728994900052,27,18,18,2
VRPLNCIVAVSQNMGIAKDGDLPWPPLRNEFKYFQRMTTIGSVEGKQNLVIIGHKTWCSIPEKNRPLKGRINIVLSRELIEPPICAHFLAKSLDGALQLIEQNELSSKVDMVWIVGGSSCYREAMNQHGHVMLFVTRIMHECKCNTFFPEIDLSKYKLLHEYPGVPSGVQEEKGIKYKFAVYEKKV,11,0.7661030833215672,-434.98165824139556,31,22,21,2
VRPLNCIVAVSQNMGIAKDGDLPWPPLRNEFKYFQRMTTIGSVEGKQNIVIIGHKTWCSIPEENRPLKGRINIVLSRELIEPPICAHFLAKSLDGALQLIEQNELSSKADMVWIVGGSSCYREAMNQHGHVMLFVTRIMHECKCNTFFPEIDLSIYKLLHEYPGVPSGVQEEKGIKYKFAVYEKKV,13,0.7642932859291416,-425.97110311797405,35,26,25,2
VRPLNCIVAVSQNMGIAKDGDLPWPPLRNEFKYFQRMTTICSVEGKQNIVIIGHNTWCSIPEENRPLKGRINIVLSRELIEPPICAHFLAKSLDGALQLIEQNELSSKADMVWIVGGSSCYREAMNRHGHVMLFVTRIMHECKCNTFFPEIDLSIYKLLHEYPGVPSGVQEEKGIKYKFAVYVKKV,15,0.7625884085988179,-423.7540862427387,38,30,28,2
