index,protein
1,VRPLNCIVAVSQNMGIGKNGDLPWPPLRNEFKYFQRMTTTSSVEGKQNLVIMGRKTWFSIPEKNRPLKDRINIVLSRELKEPPRGAHFLAKSLDDALRLIEQPELASKVDMVWIVGGSSVYQEAMNQPGHLRLFVTRIMQEFESDTFFPEIDLGKYKLLPEYPGVLSEVQEEKGIKYKFAVYEKKD
2,VRPLNCIVAVSQNMGIGKNGDLPWPPLRNEFKYFQRMTTTSSVEGKQNLVIMGRKTWFSIPEKNRPLKDRINIVLSRELKEPPRGAHFLAKSLDDALRLIEQPELASKVDMVWIVGGSSVYQEAMNQPGHLRLFVTRIMQEFESNTFFPEIDLGKYKLLPEYPGVLSEVQEEKGIKYKFAVYEKKD
3,VRPLNCIVAVSQNMGIGKNGDLPWPPLRNEFKYFQRMTTTSSVEGKQNLVIMGRKTWFSIPEKNRPLKDRINIVLSRELKEPPRGAHFLAKSLDDALRLIEQPELASKVDMVWIVGGSSVYQEAMNQPGHLRLFVTRIMQEFESNTFFPEIDLGKYKLLPEYPGVPSEVQEEKGIKYKFAVYEKKD
4,VRPLNCIVAVSQNMGIGKNGDLPWPPLRNEFKYFQRMTTTSSVEGKQNLVIMGRKTWFSIPEKNRPLKDRINIVLSRELKEPPRGAHFLAKSLDDALRLIEQPELASKVDMVWIVGGSSVYQEAMNQPGHLRLFVTRIMQEFECNTFFPEIDLGKYKLLPEYPGVPSEVQEEKGIKYKFAVYEKKD
5,VRPLNCIVAVSQNMGIGKNGDLPWPPLRNEFKYFQRMTTTSSVEGKQNLVIMGRKTWFSIPEKNRPLKDRINIVLSRELKEPPRGAHFLAKSLDDALRLIEQPELASKVDMVWIVGGSSVYQEAMNQPGHLRLFVTRIMQEFECNTFFPEIDLGKYKLLPEYPGVPSEVQEEKGIKYKFAVYEKKV
6,VRPLNCIVAVSQNMGIGKNGDLPWPPLRNEFKYFQRMTTTSSVEGKQNLVIMGRKTWFSIPEKNRPLKDRINIVLSRELKEPPRGAHFLAKSLDGALRLIEQPELASKVDMVWIVGGSSVYQEAMNQPGHLRLFVTRIMQEFECNTFFPEIDLGKYKLLPEYPGVPSEVQEEKGIKYKFAVYEKKV
7,VRPLNCIVAVSQNMGIGKDGDLPWPPLRNEFKYFQRMTTTSSVEGKQNLVIMGRKTWFSIPEKNRPLKDRINIVLSRELKEPPRGAHFLAKSLDGALRLIEQPELASKVDMVWIVGGSSVYQEAMNQPGHLRLFVTRIMQEFECNTFFPEIDLGKYKLLPEYPGVPSEVQEEKGIKYKFAVYEKKV
8,VRPLNCIVAVSQNMGIGKDGDLPWPPLRNEFKYFQRMTTTGSVEGKQNLVIMGRKTWFSIPEKNRPLKDRINIVLSRELKEPPRGAHFLAKSLDGALRLIEQPELASKVDMVWIVGGSSVYQEAMNQPGHLRLFVTRIMQEFECNTFFPEIDLGKYKLLPEYPGVPSEVQEEKGIKYKFAVYEKKV
9,VRPLNCIVAVSQNMGIGKDGDLPWPPLRNEFKYFQRMTTTGSVEGKQNLVIMGRKTWFSIPEKNRPLKDRINIVLSRELIEPPRGAHFLAKSLDGALRLIEQPELASKVDMVWIVGGSSVYQEAMNQPGHLRLFVTRIMQEFECNTFFPEIDLGKYKLLPEYPGVPSEVQEEKGIKYKFAVYEKKV
10,VRPLNCIVAVSQNMGIGKDGDLPWPPLRNEFKYFQRMTTTGSVEGKQNLVIMGRKTWFSIPEKNRPLKDRINIVLSRELIEPPRGAHFLAKSLDGALRLIEQPELASKVDMVWIVGGSSVYQEAMNQPGHLRLFVTRIMQELECNTFFPEIDLGKYKLLPEYPGVPSEVQEEKGIKYKFAVYEKKV
